{
  "ddos_rate_threshold": 9.444127194137243,
  "ddos_payload_threshold": 12.137335499466236,
  "contam_rate": 0.4117647058823529
}